user_id,n_dow_0,n_dow_1,n_dow_2,n_dow_3,n_dow_4,n_dow_5,n_dow_6,n_hod_0,n_hod_1,n_hod_2,n_hod_3,n_hod_4,n_hod_5,n_hod_6,n_hod_7,n_hod_8,n_hod_9,n_hod_10,n_hod_11,n_hod_12,n_hod_13,n_hod_14,n_hod_15,n_hod_16,n_hod_17,n_hod_18,n_hod_19,n_hod_20,n_hod_21,n_hod_22,n_hod_23,order_size_mean,order_size_std,order_size_amax,order_size_amin,small,medium,large,xl,days_since_prior_order,reordered,organic,popular,prepared,dairy,gluten,snack,meat,fish,beverage,veg,label
42199,5.0,1.0,0.0,0.0,1.0,0.0,6.0,0.0,0.0,0.0,0.0,0.0,0.0,0.0,0.0,0.0,2.0,0.0,2.0,0.0,2.0,1.0,2.0,1.0,0.0,2.0,1.0,0.0,0.0,0.0,0.0,3.8461538461538463,2.703274367816243,9.0,1.0,10.0,3.0,0.0,0.0,15.981481481481481,0.5084745762711864,0.06779661016949153,0.0847457627118644,0.3898305084745763,0.05084745762711865,0.03389830508474576,0.03389830508474576,0.03389830508474576,0.03389830508474576,0.0847457627118644,0.7288135593220338,1.0
181371,10.0,6.0,4.0,7.0,3.0,8.0,3.0,0.0,0.0,0.0,0.0,0.0,0.0,1.0,1.0,5.0,3.0,6.0,5.0,4.0,3.0,3.0,0.0,4.0,0.0,1.0,0.0,0.0,2.0,0.0,3.0,11.609756097560975,5.494897855194798,25.0,4.0,4.0,16.0,18.0,3.0,8.109979633401222,0.6526104417670683,0.5461847389558233,0.13453815261044177,0.21084337349397592,0.20080321285140562,0.09839357429718876,0.04819277108433735,0.03815261044176707,0.0,0.002008032128514056,0.44779116465863456,6.0
39093,3.0,4.0,3.0,4.0,2.0,2.0,5.0,0.0,1.0,0.0,0.0,0.0,0.0,0.0,1.0,1.0,1.0,3.0,0.0,1.0,1.0,2.0,1.0,2.0,0.0,0.0,2.0,0.0,2.0,5.0,0.0,6.869565217391305,2.751930691286441,13.0,1.0,6.0,15.0,2.0,0.0,8.455089820359282,0.4152046783625731,0.5029239766081871,0.10526315789473684,0.17543859649122806,0.15789473684210525,0.12280701754385964,0.0935672514619883,0.05263157894736842,0.03508771929824561,0.03508771929824561,0.3333333333333333,6.0
29852,0.0,0.0,0.0,0.0,0.0,1.0,1.0,0.0,0.0,0.0,0.0,0.0,0.0,0.0,0.0,1.0,0.0,0.0,0.0,0.0,0.0,0.0,0.0,0.0,0.0,0.0,0.0,0.0,1.0,0.0,0.0,6.0,4.242640687119285,9.0,3.0,1.0,1.0,0.0,0.0,7.0,0.3181818181818182,0.5454545454545454,0.3181818181818182,0.5,0.0,0.0,0.045454545454545456,0.045454545454545456,0.045454545454545456,0.045454545454545456,0.7727272727272727,1.0
45766,20.0,19.0,14.0,11.0,10.0,3.0,16.0,8.0,1.0,0.0,0.0,0.0,0.0,0.0,0.0,2.0,4.0,3.0,6.0,6.0,7.0,5.0,3.0,5.0,8.0,3.0,7.0,4.0,4.0,7.0,10.0,5.225806451612903,2.231830172448965,14.0,1.0,51.0,39.0,3.0,0.0,3.957055214723926,0.7285714285714285,0.5306122448979592,0.25918367346938775,0.16938775510204082,0.3448979591836735,0.11224489795918367,0.11020408163265306,0.03877551020408163,0.0020408163265306124,0.02040816326530612,0.23469387755102042,6.0
78315,8.0,2.0,0.0,0.0,0.0,0.0,11.0,0.0,0.0,0.0,0.0,0.0,0.0,0.0,0.0,0.0,0.0,0.0,3.0,4.0,1.0,2.0,6.0,2.0,2.0,1.0,0.0,0.0,0.0,0.0,0.0,19.0,4.753945729601885,28.0,11.0,0.0,0.0,15.0,6.0,16.1056338028169,0.6886363636363636,0.29545454545454547,0.09772727272727273,0.20681818181818182,0.11136363636363636,0.05227272727272727,0.05454545454545454,0.02727272727272727,0.006818181818181818,0.05227272727272727,0.44772727272727275,6.0
154325,11.0,9.0,17.0,12.0,6.0,9.0,2.0,0.0,0.0,0.0,0.0,0.0,0.0,1.0,0.0,6.0,4.0,4.0,5.0,6.0,7.0,13.0,4.0,2.0,4.0,2.0,3.0,2.0,2.0,1.0,0.0,14.742424242424242,9.778013965502254,42.0,2.0,16.0,12.0,20.0,18.0,6.798774259448416,0.8100502512562814,0.2733668341708543,0.2150753768844221,0.22814070351758794,0.20100502512562815,0.2613065326633166,0.14170854271356784,0.05226130653266332,0.0,0.005025125628140704,0.2693467336683417,1.0
65531,0.0,2.0,0.0,1.0,1.0,0.0,0.0,0.0,0.0,0.0,0.0,0.0,0.0,0.0,0.0,0.0,0.0,0.0,0.0,0.0,3.0,0.0,0.0,0.0,0.0,0.0,0.0,1.0,0.0,0.0,0.0,3.5,0.5773502691896257,4.0,3.0,4.0,0.0,0.0,0.0,19.88235294117647,0.21052631578947367,0.2631578947368421,0.05263157894736842,0.15789473684210525,0.10526315789473684,0.42105263157894735,0.05263157894736842,0.05263157894736842,0.0,0.0,0.2631578947368421,4.0
171494,0.0,4.0,3.0,2.0,4.0,5.0,2.0,0.0,0.0,2.0,2.0,0.0,0.0,3.0,0.0,1.0,1.0,1.0,2.0,2.0,1.0,1.0,0.0,0.0,0.0,1.0,1.0,1.0,0.0,1.0,0.0,1.8,0.6958523739384593,3.0,1.0,20.0,0.0,0.0,0.0,13.4,0.8536585365853658,0.0,0.0,0.5365853658536586,0.3170731707317073,0.0,0.0,0.0,0.0,0.4146341463414634,0.21951219512195122,1.0
72306,2.0,1.0,1.0,0.0,1.0,2.0,9.0,0.0,0.0,0.0,0.0,0.0,0.0,0.0,0.0,1.0,0.0,1.0,3.0,1.0,1.0,2.0,1.0,0.0,2.0,0.0,0.0,0.0,1.0,3.0,0.0,6.1875,4.354595273960601,15.0,1.0,8.0,5.0,3.0,0.0,7.9405940594059405,0.628099173553719,0.5041322314049587,0.2396694214876033,0.12396694214876033,0.2975206611570248,0.09917355371900827,0.01652892561983471,0.08264462809917356,0.0,0.0,0.4049586776859504,1.0
28987,0.0,0.0,1.0,0.0,1.0,1.0,0.0,0.0,0.0,0.0,0.0,0.0,0.0,0.0,0.0,0.0,1.0,0.0,0.0,0.0,1.0,0.0,0.0,0.0,0.0,0.0,0.0,1.0,0.0,0.0,0.0,9.0,3.605551275463989,12.0,5.0,1.0,1.0,1.0,0.0,19.906976744186046,0.34545454545454546,0.5636363636363636,0.10909090909090909,0.36363636363636365,0.12727272727272726,0.09090909090909091,0.0,0.05454545454545454,0.0,0.01818181818181818,0.509090909090909,5.0
140164,3.0,2.0,0.0,0.0,0.0,2.0,1.0,0.0,0.0,0.0,0.0,0.0,0.0,0.0,0.0,1.0,1.0,1.0,0.0,0.0,2.0,2.0,1.0,0.0,0.0,0.0,0.0,0.0,0.0,0.0,0.0,24.875,4.0510139824140685,33.0,20.0,0.0,0.0,1.0,7.0,27.761061946902654,0.412,0.408,0.208,0.248,0.136,0.172,0.16,0.084,0.004,0.008,0.332,6.0
14332,9.0,6.0,9.0,6.0,5.0,6.0,11.0,0.0,0.0,0.0,0.0,1.0,0.0,0.0,2.0,3.0,3.0,5.0,3.0,6.0,4.0,2.0,4.0,2.0,6.0,4.0,2.0,2.0,2.0,1.0,0.0,2.2115384615384617,1.5760031161203698,7.0,1.0,50.0,2.0,0.0,0.0,7.262711864406779,0.5714285714285714,0.6554621848739496,0.24369747899159663,0.31092436974789917,0.0,0.08403361344537816,0.1092436974789916,0.01680672268907563,0.0,0.0,0.5546218487394958,1.0
67044,0.0,2.0,0.0,0.0,0.0,0.0,0.0,0.0,0.0,0.0,0.0,0.0,0.0,0.0,0.0,0.0,0.0,0.0,0.0,0.0,2.0,0.0,0.0,0.0,0.0,0.0,0.0,0.0,0.0,0.0,0.0,9.5,3.5355339059327378,12.0,7.0,0.0,1.0,1.0,0.0,16.714285714285715,0.16216216216216217,0.3783783783783784,0.1891891891891892,0.24324324324324326,0.05405405405405406,0.02702702702702703,0.0,0.0,0.0,0.0,0.4594594594594595,1.0
172524,2.0,0.0,0.0,1.0,1.0,0.0,0.0,0.0,0.0,0.0,0.0,0.0,0.0,0.0,0.0,0.0,0.0,0.0,1.0,1.0,0.0,0.0,0.0,0.0,0.0,0.0,0.0,1.0,0.0,1.0,0.0,8.0,0.8164965809277259,9.0,7.0,0.0,4.0,0.0,0.0,11.95,0.46153846153846156,0.057692307692307696,0.0,0.36538461538461536,0.2692307692307692,0.019230769230769232,0.1346153846153846,0.09615384615384616,0.0,0.019230769230769232,0.09615384615384616,1.0
202066,0.0,1.0,0.0,1.0,1.0,0.0,0.0,0.0,0.0,0.0,0.0,0.0,0.0,0.0,0.0,1.0,1.0,0.0,0.0,0.0,0.0,1.0,0.0,0.0,0.0,0.0,0.0,0.0,0.0,0.0,0.0,4.333333333333333,4.163331998932265,9.0,1.0,2.0,1.0,0.0,0.0,12.642857142857142,0.10526315789473684,0.10526315789473684,0.10526315789473684,0.05263157894736842,0.42105263157894735,0.10526315789473684,0.05263157894736842,0.0,0.0,0.05263157894736842,0.42105263157894735,1.0
90912,1.0,2.0,2.0,1.0,4.0,2.0,0.0,0.0,0.0,0.0,0.0,0.0,0.0,0.0,1.0,1.0,0.0,0.0,0.0,0.0,0.0,1.0,2.0,0.0,0.0,1.0,3.0,0.0,2.0,1.0,0.0,12.416666666666666,8.607167555783573,35.0,3.0,2.0,3.0,6.0,1.0,17.8,0.5031847133757962,0.24203821656050956,0.05732484076433121,0.1337579617834395,0.17197452229299362,0.1592356687898089,0.14012738853503184,0.006369426751592357,0.0,0.0,0.445859872611465,1.0
1041,2.0,4.0,0.0,3.0,2.0,1.0,2.0,0.0,0.0,0.0,0.0,0.0,1.0,0.0,0.0,2.0,0.0,0.0,1.0,1.0,2.0,1.0,0.0,1.0,0.0,0.0,2.0,1.0,0.0,1.0,1.0,9.785714285714286,4.526478873143118,20.0,2.0,1.0,9.0,4.0,0.0,10.697530864197532,0.5321637426900585,0.24561403508771928,0.07602339181286549,0.15789473684210525,0.04093567251461988,0.08187134502923976,0.2573099415204678,0.005847953216374269,0.0,0.04093567251461988,0.23976608187134502,1.0
64074,4.0,1.0,2.0,1.0,3.0,5.0,4.0,1.0,0.0,0.0,0.0,0.0,0.0,0.0,1.0,1.0,0.0,0.0,2.0,0.0,1.0,2.0,0.0,1.0,1.0,1.0,3.0,2.0,3.0,1.0,0.0,14.45,6.508900788434573,28.0,5.0,1.0,5.0,10.0,4.0,12.609427609427609,0.5709677419354838,0.054838709677419356,0.06129032258064516,0.20967741935483872,0.21935483870967742,0.0967741935483871,0.0935483870967742,0.0935483870967742,0.0,0.08064516129032258,0.23870967741935484,6.0
88996,0.0,2.0,2.0,2.0,8.0,43.0,0.0,0.0,0.0,0.0,0.0,0.0,0.0,1.0,1.0,0.0,6.0,2.0,0.0,3.0,4.0,9.0,14.0,12.0,4.0,1.0,0.0,0.0,0.0,0.0,0.0,31.31578947368421,10.79873983179923,45.0,2.0,2.0,3.0,4.0,48.0,6.362334801762114,0.8667026443604965,0.3011332973556395,0.0744738262277388,0.08580679978413383,0.30329195898542904,0.32379924446842956,0.26443604964921746,0.01025364274150027,0.0,0.02914193200215866,0.10091743119266056,5.0
109494,0.0,4.0,2.0,0.0,0.0,0.0,0.0,0.0,0.0,0.0,0.0,0.0,0.0,0.0,0.0,1.0,2.0,1.0,1.0,0.0,0.0,0.0,1.0,0.0,0.0,0.0,0.0,0.0,0.0,0.0,0.0,6.5,1.8708286933869707,9.0,4.0,2.0,4.0,0.0,0.0,24.906976744186046,0.39215686274509803,0.4117647058823529,0.0784313725490196,0.19607843137254902,0.0,0.11764705882352941,0.1568627450980392,0.0392156862745098,0.0,0.09803921568627451,0.5098039215686274,1.0
31074,0.0,0.0,1.0,1.0,0.0,0.0,0.0,0.0,0.0,0.0,0.0,0.0,0.0,0.0,0.0,0.0,0.0,0.0,0.0,0.0,0.0,0.0,1.0,0.0,0.0,0.0,0.0,0.0,0.0,0.0,1.0,19.0,7.0710678118654755,24.0,14.0,0.0,0.0,1.0,1.0,12.59016393442623,0.3291139240506329,0.02531645569620253,0.06329113924050633,0.0759493670886076,0.26582278481012656,0.34177215189873417,0.189873417721519,0.012658227848101266,0.0,0.0379746835443038,0.11392405063291139,6.0
139898,0.0,0.0,1.0,0.0,0.0,3.0,2.0,1.0,0.0,0.0,0.0,0.0,0.0,0.0,0.0,0.0,1.0,0.0,1.0,0.0,0.0,0.0,1.0,0.0,0.0,0.0,0.0,1.0,0.0,1.0,0.0,9.5,2.8106938645110393,15.0,8.0,0.0,5.0,1.0,0.0,10.525,0.5408163265306123,0.7142857142857143,0.20408163265306123,0.16326530612244897,0.04081632653061224,0.0,0.01020408163265306,0.0,0.0,0.02040816326530612,0.8775510204081632,6.0
41630,3.0,0.0,1.0,0.0,0.0,0.0,2.0,0.0,0.0,0.0,0.0,0.0,0.0,0.0,0.0,1.0,0.0,0.0,1.0,0.0,1.0,0.0,1.0,1.0,0.0,0.0,0.0,0.0,0.0,1.0,0.0,2.5,1.378404875209022,5.0,1.0,6.0,0.0,0.0,0.0,19.3,0.5652173913043478,0.13043478260869565,0.08695652173913043,0.17391304347826086,0.0,0.5217391304347826,0.4782608695652174,0.043478260869565216,0.0,0.13043478260869565,0.21739130434782608,1.0
138561,1.0,2.0,4.0,0.0,0.0,1.0,1.0,0.0,0.0,0.0,0.0,0.0,0.0,0.0,0.0,0.0,0.0,2.0,3.0,1.0,0.0,2.0,1.0,0.0,0.0,0.0,0.0,0.0,0.0,0.0,0.0,7.333333333333333,3.872983346207417,15.0,2.0,3.0,5.0,1.0,0.0,11.208333333333334,0.1282051282051282,0.01282051282051282,0.038461538461538464,0.2948717948717949,0.15384615384615385,0.15384615384615385,0.10256410256410256,0.05128205128205128,0.0,0.05128205128205128,0.3717948717948718,1.0
5803,2.0,0.0,0.0,0.0,0.0,0.0,0.0,0.0,0.0,0.0,0.0,0.0,0.0,0.0,0.0,0.0,0.0,0.0,0.0,0.0,0.0,0.0,1.0,0.0,0.0,1.0,0.0,0.0,0.0,0.0,0.0,36.5,0.7071067811865476,37.0,36.0,0.0,0.0,0.0,2.0,16.844660194174757,0.43795620437956206,0.48905109489051096,0.1678832116788321,0.23357664233576642,0.17518248175182483,0.13138686131386862,0.20437956204379562,0.08029197080291971,0.0072992700729927005,0.021897810218978103,0.2846715328467153,5.0
89224,1.0,2.0,2.0,1.0,1.0,0.0,0.0,0.0,0.0,0.0,0.0,0.0,0.0,0.0,0.0,1.0,0.0,0.0,1.0,2.0,1.0,0.0,1.0,0.0,0.0,0.0,0.0,0.0,0.0,1.0,0.0,8.428571428571429,3.952094080237415,15.0,3.0,2.0,3.0,2.0,0.0,19.6875,0.4142857142857143,0.07142857142857142,0.12857142857142856,0.21428571428571427,0.0,0.14285714285714285,0.12857142857142856,0.0,0.0,0.05714285714285714,0.37142857142857144,1.0
47710,0.0,0.0,1.0,3.0,1.0,0.0,0.0,0.0,0.0,0.0,0.0,0.0,0.0,0.0,0.0,0.0,0.0,1.0,0.0,0.0,0.0,0.0,0.0,0.0,0.0,0.0,0.0,0.0,2.0,0.0,2.0,8.0,5.291502622129181,15.0,1.0,2.0,2.0,1.0,0.0,20.52173913043478,0.24,0.08,0.12,0.18,0.0,0.18,0.1,0.02,0.0,0.0,0.58,6.0
127529,12.0,6.0,4.0,5.0,8.0,10.0,5.0,0.0,0.0,0.0,0.0,0.0,0.0,1.0,6.0,5.0,11.0,10.0,6.0,3.0,3.0,2.0,0.0,1.0,0.0,1.0,1.0,0.0,0.0,0.0,0.0,10.24,4.330998847888114,19.0,2.0,4.0,23.0,23.0,0.0,5.888888888888889,0.809433962264151,0.5981132075471698,0.1509433962264151,0.1509433962264151,0.10377358490566038,0.016981132075471698,0.06792452830188679,0.026415094339622643,0.0,0.013207547169811321,0.5679245283018868,1.0
21335,7.0,12.0,4.0,7.0,1.0,2.0,2.0,0.0,0.0,0.0,0.0,0.0,0.0,0.0,0.0,0.0,0.0,0.0,2.0,2.0,1.0,2.0,8.0,10.0,9.0,0.0,1.0,0.0,0.0,0.0,0.0,15.028571428571428,4.147896095227883,22.0,6.0,0.0,4.0,26.0,5.0,8.162408759124087,0.5795053003533569,0.4416961130742049,0.1166077738515901,0.15371024734982333,0.06713780918727916,0.09363957597173145,0.024734982332155476,0.06713780918727916,0.0,0.00530035335689046,0.450530035335689,6.0
188295,6.0,2.0,2.0,0.0,0.0,1.0,0.0,0.0,0.0,0.0,0.0,0.0,0.0,0.0,0.0,0.0,0.0,0.0,3.0,1.0,0.0,2.0,2.0,0.0,0.0,2.0,1.0,0.0,0.0,0.0,0.0,19.636363636363637,3.8541595004028384,26.0,13.0,0.0,0.0,6.0,5.0,17.04824561403509,0.7075098814229249,0.02766798418972332,0.04743083003952569,0.2015810276679842,0.11462450592885376,0.22134387351778656,0.11462450592885376,0.1225296442687747,0.0,0.023715415019762844,0.2648221343873518,6.0
169206,1.0,2.0,0.0,0.0,0.0,0.0,0.0,0.0,0.0,0.0,0.0,0.0,0.0,0.0,0.0,0.0,0.0,0.0,0.0,1.0,0.0,0.0,0.0,0.0,0.0,2.0,0.0,0.0,0.0,0.0,0.0,13.666666666666666,0.5773502691896258,14.0,13.0,0.0,0.0,3.0,0.0,13.982142857142858,0.48484848484848486,0.45454545454545453,0.2727272727272727,0.24242424242424243,0.06060606060606061,0.0,0.0,0.030303030303030304,0.0,0.0,0.8636363636363636,6.0
127930,2.0,2.0,1.0,0.0,1.0,2.0,8.0,0.0,0.0,0.0,0.0,0.0,0.0,0.0,0.0,1.0,0.0,1.0,1.0,1.0,2.0,4.0,4.0,0.0,1.0,1.0,0.0,0.0,0.0,0.0,0.0,12.875,4.773189010853575,22.0,3.0,1.0,2.0,12.0,1.0,19.117903930131003,0.5,0.3717948717948718,0.1623931623931624,0.24358974358974358,0.19230769230769232,0.1111111111111111,0.17094017094017094,0.08974358974358974,0.02564102564102564,0.038461538461538464,0.32051282051282054,6.0
97997,3.0,7.0,1.0,2.0,1.0,0.0,2.0,0.0,0.0,0.0,0.0,0.0,0.0,0.0,0.0,0.0,1.0,1.0,0.0,3.0,1.0,3.0,0.0,0.0,2.0,0.0,1.0,2.0,1.0,1.0,0.0,3.25,1.807392228230128,8.0,1.0,14.0,2.0,0.0,0.0,12.203703703703704,0.576271186440678,0.4745762711864407,0.22033898305084745,0.13559322033898305,0.0847457627118644,0.03389830508474576,0.01694915254237288,0.01694915254237288,0.01694915254237288,0.0,0.423728813559322,1.0
69707,0.0,2.0,0.0,0.0,1.0,2.0,0.0,0.0,0.0,0.0,0.0,0.0,0.0,0.0,0.0,1.0,0.0,1.0,1.0,0.0,0.0,0.0,0.0,0.0,0.0,1.0,0.0,0.0,0.0,1.0,0.0,15.2,4.658325879540846,20.0,9.0,0.0,1.0,4.0,0.0,22.842105263157894,0.5315315315315315,0.07207207207207207,0.05405405405405406,0.3063063063063063,0.10810810810810811,0.15315315315315314,0.018018018018018018,0.06306306306306306,0.0,0.09009009009009009,0.3783783783783784,5.0
122398,0.0,0.0,0.0,1.0,1.0,2.0,1.0,0.0,0.0,0.0,0.0,0.0,0.0,0.0,1.0,1.0,0.0,0.0,0.0,0.0,0.0,0.0,0.0,1.0,0.0,1.0,0.0,0.0,1.0,0.0,0.0,17.0,7.483314773547883,26.0,8.0,0.0,1.0,2.0,2.0,21.068627450980394,0.39814814814814814,0.2777777777777778,0.1574074074074074,0.21296296296296297,0.046296296296296294,0.16666666666666666,0.1574074074074074,0.046296296296296294,0.0,0.0,0.5833333333333334,6.0
179585,1.0,1.0,0.0,0.0,1.0,0.0,0.0,0.0,0.0,0.0,0.0,0.0,0.0,0.0,0.0,0.0,0.0,1.0,1.0,0.0,0.0,0.0,0.0,0.0,0.0,0.0,1.0,0.0,0.0,0.0,0.0,14.0,7.211102550927978,22.0,8.0,0.0,1.0,1.0,1.0,24.88235294117647,0.1864406779661017,0.13559322033898305,0.1016949152542373,0.2542372881355932,0.1694915254237288,0.11864406779661017,0.06779661016949153,0.11864406779661017,0.05084745762711865,0.06779661016949153,0.288135593220339,3.0
200784,5.0,5.0,1.0,2.0,3.0,0.0,2.0,0.0,0.0,0.0,0.0,0.0,0.0,0.0,0.0,2.0,0.0,2.0,1.0,1.0,4.0,4.0,2.0,1.0,1.0,0.0,0.0,0.0,0.0,0.0,0.0,11.333333333333334,6.561922243474984,24.0,4.0,5.0,4.0,6.0,3.0,17.936893203883496,0.39351851851851855,0.5416666666666666,0.25,0.26851851851851855,0.20833333333333334,0.08333333333333333,0.037037037037037035,0.041666666666666664,0.009259259259259259,0.06944444444444445,0.30092592592592593,1.0
135921,14.0,4.0,0.0,2.0,1.0,2.0,5.0,0.0,0.0,0.0,0.0,0.0,0.0,0.0,0.0,1.0,0.0,1.0,0.0,3.0,1.0,1.0,6.0,3.0,6.0,3.0,0.0,1.0,0.0,2.0,0.0,7.571428571428571,3.910371502940007,15.0,1.0,10.0,12.0,6.0,0.0,11.662280701754385,0.703862660944206,0.5321888412017167,0.18025751072961374,0.30472103004291845,0.14163090128755365,0.05150214592274678,0.05150214592274678,0.004291845493562232,0.0,0.017167381974248927,0.4034334763948498,6.0
178223,4.0,6.0,3.0,0.0,0.0,1.0,0.0,0.0,0.0,0.0,0.0,0.0,0.0,1.0,0.0,1.0,4.0,0.0,0.0,0.0,0.0,0.0,0.0,0.0,1.0,4.0,3.0,0.0,0.0,0.0,0.0,1.1428571428571428,0.3631365196012815,2.0,1.0,14.0,0.0,0.0,0.0,3.7777777777777777,0.8947368421052632,0.0,0.0,0.0,0.0,0.8421052631578947,0.8421052631578947,0.0,0.0,0.0,0.0,1.0
149313,3.0,5.0,4.0,1.0,3.0,0.0,0.0,0.0,0.0,0.0,0.0,0.0,0.0,0.0,0.0,1.0,1.0,0.0,1.0,0.0,0.0,3.0,3.0,1.0,4.0,1.0,1.0,0.0,0.0,0.0,0.0,5.375,1.6683325008322933,8.0,2.0,7.0,9.0,0.0,0.0,19.080459770114942,0.5053763440860215,0.010752688172043012,0.010752688172043012,0.3225806451612903,0.3870967741935484,0.08602150537634409,0.07526881720430108,0.03225806451612903,0.0,0.053763440860215055,0.07526881720430108,4.0
73366,8.0,6.0,6.0,2.0,1.0,3.0,2.0,0.0,0.0,0.0,0.0,0.0,0.0,0.0,0.0,0.0,0.0,1.0,0.0,3.0,2.0,4.0,4.0,4.0,6.0,3.0,0.0,0.0,1.0,0.0,0.0,10.5,6.039990188856392,26.0,1.0,7.0,8.0,11.0,2.0,12.848184818481847,0.4627831715210356,0.4174757281553398,0.15857605177993528,0.31715210355987056,0.15210355987055016,0.12944983818770225,0.10355987055016182,0.05177993527508091,0.009708737864077669,0.05825242718446602,0.2686084142394822,1.0
158036,6.0,1.0,1.0,0.0,0.0,0.0,0.0,0.0,0.0,0.0,0.0,0.0,0.0,0.0,0.0,0.0,1.0,0.0,5.0,1.0,1.0,0.0,0.0,0.0,0.0,0.0,0.0,0.0,0.0,0.0,0.0,8.0,3.505098327538656,14.0,3.0,2.0,4.0,2.0,0.0,17.053333333333335,0.26666666666666666,0.3888888888888889,0.03333333333333333,0.16666666666666666,0.17777777777777778,0.14444444444444443,0.03333333333333333,0.03333333333333333,0.0,0.03333333333333333,0.3333333333333333,6.0
170285,0.0,0.0,1.0,0.0,1.0,0.0,0.0,0.0,0.0,0.0,0.0,0.0,0.0,0.0,1.0,0.0,1.0,0.0,0.0,0.0,0.0,0.0,0.0,0.0,0.0,0.0,0.0,0.0,0.0,0.0,0.0,23.0,1.4142135623730951,24.0,22.0,0.0,0.0,0.0,2.0,11.894736842105264,0.40229885057471265,0.7586206896551724,0.2413793103448276,0.3103448275862069,0.09195402298850575,0.034482758620689655,0.022988505747126436,0.011494252873563218,0.0,0.034482758620689655,0.5862068965517241,6.0
140266,1.0,0.0,0.0,0.0,0.0,0.0,2.0,0.0,0.0,0.0,0.0,0.0,0.0,0.0,0.0,0.0,0.0,0.0,0.0,0.0,1.0,0.0,0.0,0.0,1.0,0.0,0.0,1.0,0.0,0.0,0.0,14.333333333333334,9.60902353693305,23.0,4.0,1.0,0.0,1.0,1.0,26.927272727272726,0.22388059701492538,0.3283582089552239,0.1044776119402985,0.208955223880597,0.19402985074626866,0.07462686567164178,0.05970149253731343,0.029850746268656716,0.0,0.0,0.417910447761194,6.0
916,1.0,4.0,0.0,0.0,0.0,0.0,0.0,0.0,0.0,0.0,0.0,0.0,0.0,0.0,0.0,0.0,0.0,0.0,3.0,0.0,0.0,1.0,0.0,1.0,0.0,0.0,0.0,0.0,0.0,0.0,0.0,2.8,1.6431676725154982,5.0,1.0,5.0,0.0,0.0,0.0,24.3,0.5652173913043478,0.0,0.30434782608695654,0.34782608695652173,0.21739130434782608,0.2608695652173913,0.08695652173913043,0.0,0.0,0.0,0.17391304347826086,1.0
204900,0.0,2.0,3.0,2.0,1.0,0.0,0.0,0.0,0.0,0.0,0.0,0.0,0.0,0.0,0.0,0.0,0.0,1.0,2.0,1.0,2.0,0.0,0.0,2.0,0.0,0.0,0.0,0.0,0.0,0.0,0.0,7.0,4.44007721940573,16.0,1.0,4.0,3.0,1.0,0.0,16.603448275862068,0.36363636363636365,0.015151515151515152,0.015151515151515152,0.21212121212121213,0.25757575757575757,0.06060606060606061,0.15151515151515152,0.0,0.0,0.13636363636363635,0.13636363636363635,6.0
23092,16.0,4.0,5.0,7.0,3.0,8.0,6.0,1.0,0.0,0.0,0.0,0.0,0.0,0.0,0.0,3.0,6.0,3.0,5.0,7.0,5.0,3.0,4.0,3.0,2.0,0.0,1.0,3.0,2.0,1.0,0.0,12.448979591836734,4.610048917355234,25.0,2.0,2.0,19.0,26.0,2.0,7.592356687898089,0.6614420062695925,0.4216300940438871,0.14733542319749215,0.15830721003134796,0.14890282131661442,0.164576802507837,0.17084639498432602,0.02821316614420063,0.018808777429467086,0.0219435736677116,0.37460815047021945,3.0
16046,0.0,1.0,1.0,0.0,2.0,1.0,1.0,0.0,0.0,0.0,0.0,0.0,0.0,0.0,0.0,0.0,1.0,0.0,3.0,1.0,0.0,1.0,0.0,0.0,0.0,0.0,0.0,0.0,0.0,0.0,0.0,11.333333333333334,5.8878405775518985,16.0,4.0,2.0,0.0,4.0,0.0,17.483516483516482,0.47115384615384615,0.20192307692307693,0.028846153846153848,0.21153846153846154,0.23076923076923078,0.10576923076923077,0.038461538461538464,0.038461538461538464,0.038461538461538464,0.057692307692307696,0.38461538461538464,5.0
181995,2.0,0.0,0.0,0.0,0.0,1.0,0.0,0.0,0.0,0.0,0.0,0.0,0.0,0.0,0.0,0.0,0.0,0.0,0.0,0.0,0.0,0.0,1.0,0.0,1.0,0.0,0.0,1.0,0.0,0.0,0.0,17.0,2.6457513110645907,19.0,14.0,0.0,0.0,3.0,0.0,26.88888888888889,0.12631578947368421,0.010526315789473684,0.07368421052631578,0.16842105263157894,0.16842105263157894,0.18947368421052632,0.2,0.05263157894736842,0.0,0.021052631578947368,0.2736842105263158,6.0
129961,1.0,5.0,8.0,5.0,3.0,2.0,0.0,0.0,1.0,0.0,0.0,0.0,0.0,2.0,1.0,0.0,1.0,5.0,2.0,3.0,0.0,3.0,1.0,0.0,0.0,0.0,0.0,1.0,2.0,2.0,0.0,9.916666666666666,4.959984805960833,20.0,2.0,5.0,8.0,11.0,0.0,6.685714285714286,0.5209125475285171,0.015209125475285171,0.09885931558935361,0.11026615969581749,0.17490494296577946,0.2585551330798479,0.2661596958174905,0.0076045627376425855,0.0,0.17870722433460076,0.07984790874524715,1.0
196039,0.0,0.0,1.0,1.0,1.0,1.0,0.0,0.0,0.0,0.0,0.0,0.0,0.0,0.0,0.0,0.0,0.0,0.0,0.0,1.0,0.0,2.0,1.0,0.0,0.0,0.0,0.0,0.0,0.0,0.0,0.0,17.5,7.54983443527075,23.0,7.0,0.0,1.0,1.0,2.0,10.977272727272727,0.44642857142857145,0.41964285714285715,0.125,0.21428571428571427,0.1875,0.07142857142857142,0.044642857142857144,0.026785714285714284,0.0,0.008928571428571428,0.5535714285714286,6.0
167020,1.0,3.0,4.0,2.0,3.0,1.0,3.0,0.0,1.0,0.0,0.0,0.0,1.0,0.0,0.0,0.0,0.0,0.0,1.0,1.0,0.0,0.0,4.0,1.0,5.0,3.0,0.0,0.0,0.0,0.0,0.0,7.529411764705882,3.223306668989617,13.0,1.0,4.0,10.0,3.0,0.0,15.86046511627907,0.648854961832061,0.4961832061068702,0.16793893129770993,0.2900763358778626,0.015267175572519083,0.022900763358778626,0.20610687022900764,0.0,0.007633587786259542,0.0,0.7557251908396947,1.0
39783,3.0,2.0,0.0,3.0,1.0,1.0,2.0,0.0,0.0,0.0,0.0,0.0,0.0,0.0,0.0,0.0,1.0,1.0,0.0,2.0,0.0,3.0,2.0,0.0,0.0,2.0,0.0,1.0,0.0,0.0,0.0,5.75,4.371914496377572,18.0,2.0,7.0,4.0,1.0,0.0,17.09090909090909,0.275,0.05,0.025,0.0625,0.0875,0.0125,0.1,0.0,0.0,0.2,0.0125,1.0
80347,0.0,1.0,0.0,2.0,0.0,0.0,0.0,0.0,0.0,0.0,0.0,0.0,0.0,0.0,0.0,2.0,0.0,0.0,1.0,0.0,0.0,0.0,0.0,0.0,0.0,0.0,0.0,0.0,0.0,0.0,0.0,11.0,4.358898943540674,14.0,6.0,0.0,1.0,2.0,0.0,23.05263157894737,0.3953488372093023,0.023255813953488372,0.20930232558139536,0.2558139534883721,0.13953488372093023,0.09302325581395349,0.11627906976744186,0.16279069767441862,0.0,0.20930232558139536,0.3488372093023256,1.0
190147,5.0,3.0,4.0,2.0,5.0,2.0,6.0,0.0,0.0,0.0,0.0,0.0,0.0,0.0,1.0,1.0,4.0,1.0,1.0,2.0,4.0,1.0,2.0,1.0,4.0,2.0,1.0,1.0,0.0,0.0,1.0,7.7407407407407405,6.340302059005564,26.0,1.0,12.0,9.0,5.0,1.0,13.800904977375566,0.3939393939393939,0.3593073593073593,0.1645021645021645,0.1774891774891775,0.025974025974025976,0.1471861471861472,0.15584415584415584,0.021645021645021644,0.017316017316017316,0.017316017316017316,0.49783549783549785,1.0
165882,2.0,4.0,6.0,1.0,2.0,2.0,5.0,0.0,0.0,0.0,0.0,0.0,0.0,0.0,0.0,0.0,1.0,1.0,4.0,3.0,3.0,4.0,0.0,3.0,0.0,1.0,2.0,0.0,0.0,0.0,0.0,19.227272727272727,6.32404194273777,29.0,8.0,0.0,3.0,10.0,9.0,12.325,0.5657894736842105,0.30043859649122806,0.18859649122807018,0.20833333333333334,0.008771929824561403,0.13815789473684212,0.1600877192982456,0.010964912280701754,0.0,0.04824561403508772,0.28289473684210525,1.0
191315,2.0,0.0,0.0,0.0,0.0,0.0,2.0,0.0,0.0,0.0,0.0,0.0,0.0,0.0,0.0,0.0,2.0,0.0,0.0,0.0,0.0,0.0,0.0,0.0,1.0,0.0,0.0,1.0,0.0,0.0,0.0,6.75,2.217355782608345,9.0,4.0,1.0,3.0,0.0,0.0,19.694444444444443,0.21428571428571427,0.42857142857142855,0.16666666666666666,0.16666666666666666,0.047619047619047616,0.14285714285714285,0.14285714285714285,0.023809523809523808,0.0,0.0,0.5952380952380952,1.0
4296,0.0,1.0,0.0,0.0,0.0,0.0,2.0,0.0,0.0,0.0,0.0,0.0,0.0,0.0,0.0,0.0,0.0,1.0,0.0,2.0,0.0,0.0,0.0,0.0,0.0,0.0,0.0,0.0,0.0,0.0,0.0,20.333333333333332,5.131601439446885,26.0,16.0,0.0,0.0,2.0,1.0,17.528089887640448,0.4074074074074074,0.7129629629629629,0.09259259259259259,0.3055555555555556,0.046296296296296294,0.037037037037037035,0.046296296296296294,0.046296296296296294,0.018518518518518517,0.0,0.6018518518518519,6.0
124680,4.0,3.0,0.0,1.0,1.0,0.0,0.0,0.0,0.0,0.0,0.0,0.0,0.0,0.0,0.0,0.0,1.0,3.0,0.0,1.0,0.0,0.0,2.0,0.0,1.0,0.0,0.0,1.0,0.0,0.0,0.0,11.666666666666666,4.153311931459037,16.0,4.0,1.0,1.0,7.0,0.0,19.22608695652174,0.29770992366412213,0.4580152671755725,0.09923664122137404,0.19083969465648856,0.1450381679389313,0.1297709923664122,0.04580152671755725,0.015267175572519083,0.0,0.0916030534351145,0.4122137404580153,1.0
77065,4.0,0.0,1.0,1.0,2.0,0.0,2.0,0.0,0.0,0.0,0.0,0.0,0.0,0.0,0.0,0.0,1.0,0.0,3.0,0.0,0.0,3.0,1.0,2.0,0.0,0.0,0.0,0.0,0.0,0.0,0.0,23.1,8.252272414311102,40.0,12.0,0.0,0.0,5.0,5.0,8.337254901960785,0.5,0.3142857142857143,0.1,0.14642857142857144,0.17142857142857143,0.075,0.14285714285714285,0.060714285714285714,0.0,0.10714285714285714,0.26071428571428573,5.0
43024,0.0,0.0,0.0,1.0,2.0,0.0,0.0,0.0,0.0,0.0,0.0,0.0,0.0,0.0,0.0,0.0,0.0,0.0,1.0,0.0,1.0,0.0,0.0,0.0,0.0,0.0,0.0,0.0,0.0,1.0,0.0,9.0,4.58257569495584,14.0,5.0,1.0,1.0,1.0,0.0,24.08823529411765,0.23255813953488372,0.2558139534883721,0.20930232558139536,0.2558139534883721,0.13953488372093023,0.11627906976744186,0.18604651162790697,0.046511627906976744,0.0,0.046511627906976744,0.5348837209302325,1.0
74285,5.0,13.0,12.0,11.0,8.0,7.0,17.0,0.0,0.0,0.0,0.0,0.0,0.0,0.0,1.0,5.0,7.0,9.0,6.0,11.0,11.0,5.0,5.0,4.0,4.0,2.0,0.0,1.0,0.0,2.0,0.0,9.575342465753424,4.5396947040619695,24.0,2.0,15.0,31.0,26.0,1.0,4.733802816901409,0.7949790794979079,0.5523012552301255,0.14086471408647142,0.19246861924686193,0.05299860529986053,0.1492329149232915,0.13389121338912133,0.08786610878661087,0.0,0.0794979079497908,0.3668061366806137,5.0
128568,1.0,2.0,4.0,1.0,4.0,6.0,5.0,0.0,0.0,0.0,0.0,0.0,0.0,0.0,1.0,4.0,0.0,0.0,2.0,0.0,0.0,0.0,0.0,3.0,0.0,0.0,3.0,6.0,3.0,0.0,1.0,9.91304347826087,4.699255680697654,20.0,2.0,4.0,8.0,11.0,0.0,9.957264957264957,0.7193675889328063,0.2648221343873518,0.039525691699604744,0.2727272727272727,0.07114624505928854,0.233201581027668,0.233201581027668,0.015810276679841896,0.011857707509881422,0.02766798418972332,0.20553359683794467,6.0
493,1.0,0.0,0.0,0.0,1.0,2.0,2.0,0.0,0.0,0.0,0.0,0.0,1.0,0.0,0.0,0.0,0.0,1.0,1.0,0.0,0.0,1.0,0.0,0.0,1.0,0.0,0.0,1.0,0.0,0.0,0.0,10.833333333333334,6.242328625334192,16.0,1.0,2.0,0.0,4.0,0.0,13.25,0.5280898876404494,0.33707865168539325,0.1797752808988764,0.30337078651685395,0.033707865168539325,0.0898876404494382,0.0898876404494382,0.0449438202247191,0.0,0.0,0.5842696629213483,6.0
123112,3.0,1.0,1.0,1.0,6.0,2.0,2.0,0.0,0.0,0.0,0.0,0.0,0.0,0.0,0.0,1.0,1.0,2.0,0.0,2.0,3.0,0.0,0.0,3.0,1.0,3.0,0.0,0.0,0.0,0.0,0.0,10.625,6.2809234989768825,20.0,2.0,5.0,3.0,8.0,0.0,4.3125,0.5412371134020618,0.27835051546391754,0.1958762886597938,0.20618556701030927,0.16494845360824742,0.1134020618556701,0.061855670103092786,0.041237113402061855,0.005154639175257732,0.0979381443298969,0.34536082474226804,5.0
885,2.0,4.0,3.0,1.0,2.0,5.0,3.0,1.0,0.0,0.0,0.0,0.0,0.0,0.0,0.0,0.0,1.0,0.0,0.0,2.0,1.0,0.0,1.0,2.0,4.0,1.0,0.0,2.0,1.0,1.0,3.0,4.65,3.1834274809261465,14.0,1.0,13.0,6.0,1.0,0.0,11.715686274509803,0.6923076923076923,0.5769230769230769,0.3076923076923077,0.41346153846153844,0.0673076923076923,0.07692307692307693,0.0673076923076923,0.0,0.0,0.0,0.7692307692307693,1.0
194369,4.0,0.0,2.0,1.0,2.0,1.0,0.0,0.0,0.0,0.0,0.0,0.0,0.0,0.0,0.0,0.0,0.0,0.0,3.0,2.0,1.0,1.0,0.0,0.0,1.0,1.0,0.0,1.0,0.0,0.0,0.0,6.1,2.806737924669451,11.0,2.0,4.0,5.0,1.0,0.0,17.83076923076923,0.5,0.28378378378378377,0.21621621621621623,0.40540540540540543,0.32432432432432434,0.0,0.04054054054054054,0.12162162162162163,0.013513513513513514,0.06756756756756757,0.40540540540540543,6.0
66105,6.0,0.0,0.0,1.0,4.0,9.0,19.0,0.0,0.0,0.0,0.0,0.0,0.0,1.0,2.0,5.0,5.0,3.0,3.0,2.0,2.0,2.0,4.0,2.0,2.0,2.0,2.0,2.0,0.0,0.0,0.0,17.23076923076923,7.634621758326508,39.0,5.0,2.0,6.0,21.0,10.0,9.226037195994278,0.8016643550624133,0.4618585298196949,0.1276005547850208,0.11650485436893204,0.038834951456310676,0.0651872399445215,0.09431345353675451,0.0,0.0,0.04299583911234397,0.5977808599167822,6.0
140565,0.0,1.0,0.0,0.0,4.0,2.0,2.0,0.0,0.0,0.0,0.0,0.0,0.0,0.0,0.0,1.0,1.0,1.0,1.0,0.0,2.0,2.0,0.0,0.0,1.0,0.0,0.0,0.0,0.0,0.0,0.0,6.0,2.7386127875258306,10.0,2.0,4.0,5.0,0.0,0.0,18.5625,0.18840579710144928,0.3333333333333333,0.13043478260869565,0.14492753623188406,0.2318840579710145,0.15942028985507245,0.15942028985507245,0.043478260869565216,0.014492753623188406,0.043478260869565216,0.30434782608695654,3.0
185555,0.0,1.0,0.0,1.0,1.0,0.0,0.0,0.0,0.0,0.0,0.0,0.0,0.0,0.0,0.0,1.0,1.0,0.0,0.0,0.0,0.0,0.0,0.0,1.0,0.0,0.0,0.0,0.0,0.0,0.0,0.0,5.333333333333333,2.516611478423583,8.0,3.0,2.0,1.0,0.0,0.0,24.285714285714285,0.2857142857142857,0.2,0.22857142857142856,0.3142857142857143,0.05714285714285714,0.17142857142857143,0.14285714285714285,0.05714285714285714,0.0,0.08571428571428572,0.11428571428571428,1.0
116973,2.0,0.0,0.0,0.0,0.0,0.0,2.0,0.0,0.0,0.0,0.0,0.0,0.0,0.0,0.0,0.0,0.0,0.0,1.0,2.0,0.0,0.0,1.0,0.0,0.0,0.0,0.0,0.0,0.0,0.0,0.0,6.75,4.031128874149275,10.0,1.0,1.0,3.0,0.0,0.0,20.975609756097562,0.38095238095238093,0.23809523809523808,0.09523809523809523,0.2619047619047619,0.23809523809523808,0.09523809523809523,0.11904761904761904,0.0,0.023809523809523808,0.0,0.42857142857142855,6.0
750,0.0,1.0,0.0,0.0,0.0,0.0,1.0,0.0,0.0,0.0,0.0,0.0,0.0,0.0,0.0,0.0,0.0,0.0,0.0,0.0,0.0,0.0,1.0,1.0,0.0,0.0,0.0,0.0,0.0,0.0,0.0,3.5,2.1213203435596424,5.0,2.0,2.0,0.0,0.0,0.0,22.8,0.21428571428571427,0.7142857142857143,0.14285714285714285,0.2857142857142857,0.07142857142857142,0.14285714285714285,0.2857142857142857,0.14285714285714285,0.0,0.0,0.42857142857142855,1.0
21283,22.0,18.0,11.0,17.0,11.0,7.0,12.0,0.0,0.0,0.0,0.0,0.0,0.0,0.0,1.0,5.0,7.0,4.0,5.0,17.0,12.0,22.0,14.0,4.0,4.0,2.0,0.0,1.0,0.0,0.0,0.0,6.051020408163265,3.7481884256005618,23.0,2.0,60.0,24.0,13.0,1.0,3.165032679738562,0.7400318979266348,0.6602870813397129,0.189792663476874,0.1547049441786284,0.1419457735247209,0.11004784688995216,0.03827751196172249,0.022328548644338118,0.001594896331738437,0.011164274322169059,0.5279106858054227,6.0
171668,8.0,1.0,0.0,0.0,0.0,0.0,0.0,0.0,0.0,0.0,0.0,0.0,0.0,0.0,0.0,0.0,0.0,0.0,3.0,3.0,1.0,1.0,1.0,0.0,0.0,0.0,0.0,0.0,0.0,0.0,0.0,12.333333333333334,3.60555127546399,18.0,6.0,0.0,3.0,6.0,0.0,13.456692913385826,0.5625,0.2222222222222222,0.11805555555555555,0.14583333333333334,0.020833333333333332,0.041666666666666664,0.13194444444444445,0.18055555555555555,0.0,0.06944444444444445,0.375,5.0
111092,1.0,1.0,1.0,2.0,1.0,1.0,0.0,0.0,0.0,0.0,0.0,0.0,0.0,0.0,0.0,0.0,0.0,1.0,0.0,1.0,1.0,2.0,0.0,2.0,0.0,0.0,0.0,0.0,0.0,0.0,0.0,5.0,2.7688746209726913,9.0,1.0,4.0,3.0,0.0,0.0,17.289473684210527,0.08695652173913043,0.45652173913043476,0.13043478260869565,0.21739130434782608,0.13043478260869565,0.17391304347826086,0.13043478260869565,0.021739130434782608,0.0,0.13043478260869565,0.2391304347826087,1.0
196024,0.0,0.0,2.0,0.0,2.0,0.0,0.0,0.0,0.0,0.0,0.0,0.0,0.0,0.0,2.0,0.0,0.0,0.0,0.0,0.0,1.0,1.0,0.0,0.0,0.0,0.0,0.0,0.0,0.0,0.0,0.0,5.0,2.309401076758503,7.0,3.0,2.0,2.0,0.0,0.0,25.90909090909091,0.25,0.0,0.20833333333333334,0.08333333333333333,0.0,0.0,0.041666666666666664,0.041666666666666664,0.0,0.7083333333333334,0.0,1.0
170195,1.0,1.0,0.0,0.0,0.0,0.0,0.0,0.0,0.0,0.0,0.0,0.0,0.0,0.0,0.0,0.0,1.0,0.0,0.0,1.0,0.0,0.0,0.0,0.0,0.0,0.0,0.0,0.0,0.0,0.0,0.0,5.0,4.242640687119285,8.0,2.0,1.0,1.0,0.0,0.0,26.0,0.1111111111111111,0.0,0.0,0.3888888888888889,0.0,0.05555555555555555,0.16666666666666666,0.2222222222222222,0.0,0.0,0.2222222222222222,4.0
57026,0.0,2.0,0.0,1.0,0.0,0.0,0.0,0.0,0.0,0.0,0.0,0.0,0.0,0.0,0.0,0.0,1.0,1.0,0.0,1.0,0.0,0.0,0.0,0.0,0.0,0.0,0.0,0.0,0.0,0.0,0.0,1.3333333333333333,0.5773502691896257,2.0,1.0,3.0,0.0,0.0,0.0,30.0,0.5,0.0,0.0,0.0,0.0,0.0,0.0,0.0,0.0,0.0,0.0,1.0
30857,1.0,0.0,0.0,0.0,0.0,1.0,0.0,0.0,0.0,0.0,0.0,0.0,0.0,0.0,0.0,0.0,0.0,0.0,2.0,0.0,0.0,0.0,0.0,0.0,0.0,0.0,0.0,0.0,0.0,0.0,0.0,9.0,1.4142135623730951,10.0,8.0,0.0,2.0,0.0,0.0,20.666666666666668,0.2631578947368421,0.02631578947368421,0.0,0.15789473684210525,0.10526315789473684,0.10526315789473684,0.47368421052631576,0.05263157894736842,0.0,0.07894736842105263,0.10526315789473684,6.0
107995,1.0,0.0,0.0,0.0,0.0,0.0,1.0,0.0,0.0,0.0,0.0,0.0,0.0,0.0,0.0,0.0,0.0,0.0,1.0,0.0,0.0,0.0,0.0,1.0,0.0,0.0,0.0,0.0,0.0,0.0,0.0,13.0,15.556349186104045,24.0,2.0,1.0,0.0,0.0,1.0,22.434782608695652,0.19148936170212766,0.3617021276595745,0.1702127659574468,0.2765957446808511,0.2978723404255319,0.0425531914893617,0.0425531914893617,0.0425531914893617,0.0,0.0,0.40425531914893614,6.0
130800,2.0,0.0,1.0,1.0,1.0,0.0,1.0,0.0,0.0,0.0,0.0,0.0,0.0,0.0,1.0,3.0,0.0,1.0,0.0,0.0,0.0,1.0,0.0,0.0,0.0,0.0,0.0,0.0,0.0,0.0,0.0,4.0,2.280350850198276,8.0,2.0,5.0,1.0,0.0,0.0,16.59259259259259,0.4482758620689655,0.5517241379310345,0.20689655172413793,0.5517241379310345,0.034482758620689655,0.0,0.1724137931034483,0.0,0.0,0.034482758620689655,0.4482758620689655,1.0
137218,3.0,1.0,1.0,3.0,0.0,5.0,0.0,0.0,0.0,0.0,0.0,0.0,0.0,0.0,0.0,0.0,2.0,5.0,0.0,0.0,3.0,2.0,0.0,1.0,0.0,0.0,0.0,0.0,0.0,0.0,0.0,34.0,11.916375287812984,50.0,9.0,0.0,1.0,0.0,12.0,16.674180327868854,0.65625,0.361328125,0.0859375,0.17578125,0.115234375,0.193359375,0.158203125,0.052734375,0.02734375,0.044921875,0.208984375,3.0
75042,1.0,0.0,1.0,1.0,0.0,0.0,0.0,0.0,0.0,0.0,0.0,0.0,0.0,0.0,1.0,0.0,0.0,1.0,0.0,0.0,0.0,1.0,0.0,0.0,0.0,0.0,0.0,0.0,0.0,0.0,0.0,10.666666666666666,2.3094010767585034,12.0,8.0,0.0,1.0,2.0,0.0,30.0,0.043478260869565216,0.043478260869565216,0.021739130434782608,0.2608695652173913,0.13043478260869565,0.17391304347826086,0.15217391304347827,0.021739130434782608,0.0,0.1956521739130435,0.043478260869565216,1.0
202399,0.0,0.0,0.0,1.0,0.0,1.0,0.0,0.0,0.0,0.0,0.0,0.0,0.0,0.0,0.0,0.0,0.0,0.0,1.0,0.0,0.0,1.0,0.0,0.0,0.0,0.0,0.0,0.0,0.0,0.0,0.0,20.0,0.0,20.0,20.0,0.0,0.0,2.0,0.0,21.363636363636363,0.2972972972972973,0.14864864864864866,0.05405405405405406,0.24324324324324326,0.08108108108108109,0.17567567567567569,0.21621621621621623,0.05405405405405406,0.013513513513513514,0.0,0.28378378378378377,6.0
62136,1.0,1.0,0.0,1.0,4.0,0.0,1.0,0.0,0.0,0.0,0.0,0.0,0.0,0.0,2.0,0.0,1.0,1.0,1.0,0.0,0.0,0.0,1.0,1.0,1.0,0.0,0.0,0.0,0.0,0.0,0.0,2.5,1.927248223318863,7.0,1.0,7.0,1.0,0.0,0.0,16.035714285714285,0.5161290322580645,0.5483870967741935,0.25806451612903225,0.22580645161290322,0.06451612903225806,0.16129032258064516,0.0967741935483871,0.0,0.0,0.0,0.3870967741935484,1.0
70824,1.0,0.0,0.0,2.0,1.0,0.0,0.0,0.0,0.0,0.0,0.0,0.0,0.0,0.0,0.0,0.0,1.0,0.0,1.0,0.0,0.0,0.0,0.0,0.0,0.0,1.0,0.0,0.0,1.0,0.0,0.0,4.75,3.593976442141304,10.0,2.0,3.0,1.0,0.0,0.0,13.407407407407407,0.4166666666666667,0.3958333333333333,0.3541666666666667,0.3333333333333333,0.08333333333333333,0.14583333333333334,0.22916666666666666,0.10416666666666667,0.0,0.0,0.3125,1.0
177582,2.0,0.0,1.0,1.0,0.0,0.0,0.0,0.0,0.0,0.0,0.0,0.0,0.0,0.0,0.0,0.0,0.0,0.0,0.0,1.0,0.0,0.0,0.0,0.0,0.0,0.0,0.0,0.0,0.0,2.0,1.0,7.75,2.9860788111948193,11.0,4.0,1.0,2.0,1.0,0.0,27.487179487179485,0.375,0.3541666666666667,0.0625,0.22916666666666666,0.125,0.0,0.0,0.041666666666666664,0.0,0.0,0.6875,1.0
61367,7.0,4.0,5.0,4.0,1.0,3.0,6.0,0.0,1.0,0.0,0.0,0.0,0.0,0.0,0.0,0.0,1.0,0.0,5.0,6.0,5.0,3.0,4.0,0.0,2.0,2.0,1.0,0.0,0.0,0.0,0.0,14.766666666666667,3.5104114439403147,23.0,9.0,0.0,3.0,25.0,2.0,7.331140350877193,0.8696581196581197,0.5534188034188035,0.17094017094017094,0.33760683760683763,0.11965811965811966,0.06837606837606838,0.1388888888888889,0.11324786324786325,0.0,0.008547008547008548,0.44017094017094016,6.0
1601,0.0,2.0,0.0,0.0,0.0,0.0,2.0,0.0,0.0,0.0,0.0,0.0,0.0,0.0,0.0,0.0,0.0,0.0,0.0,1.0,1.0,0.0,0.0,0.0,0.0,1.0,1.0,0.0,0.0,0.0,0.0,4.25,1.892969448600091,7.0,3.0,3.0,1.0,0.0,0.0,14.071428571428571,0.07894736842105263,0.42105263157894735,0.10526315789473684,0.21052631578947367,0.23684210526315788,0.10526315789473684,0.05263157894736842,0.05263157894736842,0.0,0.0,0.34210526315789475,1.0
37485,4.0,2.0,0.0,0.0,2.0,2.0,3.0,0.0,0.0,0.0,0.0,0.0,0.0,0.0,0.0,1.0,0.0,2.0,2.0,1.0,1.0,1.0,1.0,0.0,0.0,0.0,1.0,2.0,1.0,0.0,0.0,11.461538461538462,5.50174797398343,23.0,2.0,1.0,4.0,7.0,1.0,21.44848484848485,0.632768361581921,0.5649717514124294,0.1016949152542373,0.3333333333333333,0.03954802259887006,0.022598870056497175,0.022598870056497175,0.04519774011299435,0.022598870056497175,0.01694915254237288,0.5988700564971752,6.0
15417,0.0,1.0,0.0,1.0,1.0,1.0,0.0,0.0,0.0,0.0,0.0,0.0,0.0,0.0,1.0,0.0,0.0,0.0,0.0,1.0,0.0,0.0,0.0,0.0,1.0,0.0,0.0,1.0,0.0,0.0,0.0,10.5,7.234178138070235,19.0,2.0,1.0,1.0,2.0,0.0,15.622641509433961,0.2903225806451613,0.6290322580645161,0.14516129032258066,0.16129032258064516,0.12903225806451613,0.08064516129032258,0.03225806451612903,0.06451612903225806,0.0,0.0,0.4838709677419355,6.0
7565,6.0,14.0,13.0,6.0,12.0,7.0,8.0,0.0,0.0,0.0,0.0,0.0,0.0,1.0,3.0,9.0,12.0,7.0,3.0,2.0,6.0,4.0,1.0,6.0,3.0,0.0,5.0,1.0,2.0,0.0,1.0,11.757575757575758,4.942937793724905,25.0,1.0,9.0,13.0,42.0,2.0,5.782994923857868,0.7797246558197747,0.2640801001251564,0.14893617021276595,0.26282853566958697,0.13516896120150187,0.1113892365456821,0.11264080100125157,0.026282853566958697,0.0,0.0025031289111389237,0.45807259073842305,6.0
42836,2.0,4.0,0.0,0.0,1.0,1.0,1.0,0.0,0.0,0.0,1.0,0.0,0.0,0.0,2.0,1.0,2.0,0.0,1.0,0.0,0.0,0.0,0.0,0.0,0.0,0.0,0.0,0.0,1.0,1.0,0.0,20.444444444444443,9.153020145163987,33.0,8.0,0.0,2.0,2.0,5.0,5.282051282051282,0.4377880184331797,0.3456221198156682,0.1889400921658986,0.22119815668202766,0.10138248847926268,0.04608294930875576,0.055299539170506916,0.06451612903225806,0.0,0.03686635944700461,0.5253456221198156,5.0
44056,8.0,4.0,7.0,4.0,3.0,3.0,7.0,0.0,0.0,0.0,0.0,0.0,0.0,0.0,2.0,4.0,2.0,5.0,3.0,4.0,3.0,1.0,4.0,2.0,1.0,2.0,0.0,1.0,1.0,1.0,0.0,10.61111111111111,8.128530978781827,31.0,1.0,11.0,12.0,7.0,6.0,8.5575,0.6304347826086957,0.34057971014492755,0.2222222222222222,0.12077294685990338,0.1280193236714976,0.10628019323671498,0.06521739130434782,0.04830917874396135,0.0024154589371980675,0.03864734299516908,0.5,5.0
23140,20.0,7.0,7.0,7.0,6.0,7.0,4.0,1.0,1.0,0.0,0.0,0.0,0.0,0.0,0.0,0.0,0.0,1.0,0.0,1.0,6.0,8.0,13.0,7.0,9.0,6.0,1.0,0.0,1.0,0.0,3.0,16.20689655172414,6.11514834835951,30.0,3.0,2.0,7.0,36.0,13.0,4.656217345872518,0.8571428571428571,0.35,0.19591836734693877,0.17142857142857143,0.1336734693877551,0.12755102040816327,0.1704081632653061,0.02959183673469388,0.01020408163265306,0.06224489795918367,0.40816326530612246,1.0
173619,5.0,4.0,4.0,1.0,2.0,2.0,1.0,0.0,0.0,0.0,0.0,0.0,0.0,0.0,1.0,2.0,5.0,5.0,2.0,2.0,2.0,0.0,0.0,0.0,0.0,0.0,0.0,0.0,0.0,0.0,0.0,17.789473684210527,4.882837828881674,28.0,11.0,0.0,0.0,14.0,5.0,13.77094972067039,0.7973333333333333,0.7466666666666667,0.08,0.20266666666666666,0.12533333333333332,0.07733333333333334,0.16,0.037333333333333336,0.0026666666666666666,0.072,0.4053333333333333,5.0
182957,2.0,1.0,0.0,2.0,1.0,1.0,0.0,0.0,0.0,0.0,0.0,0.0,0.0,0.0,0.0,0.0,0.0,0.0,0.0,0.0,0.0,0.0,3.0,2.0,0.0,1.0,1.0,0.0,0.0,0.0,0.0,5.571428571428571,3.8668308667927223,12.0,1.0,4.0,2.0,1.0,0.0,17.26086956521739,0.125,0.3125,0.125,0.3125,0.08333333333333333,0.10416666666666667,0.14583333333333334,0.125,0.041666666666666664,0.0,0.3541666666666667,1.0
68030,1.0,2.0,2.0,3.0,2.0,3.0,0.0,0.0,0.0,0.0,0.0,0.0,0.0,0.0,0.0,0.0,0.0,2.0,0.0,0.0,1.0,1.0,0.0,1.0,2.0,2.0,3.0,0.0,0.0,1.0,0.0,27.53846153846154,4.909436230624053,36.0,22.0,0.0,0.0,0.0,13.0,23.81151832460733,0.5631067961165048,0.0048543689320388345,0.009708737864077669,0.39563106796116504,0.1262135922330097,0.08737864077669903,0.038834951456310676,0.03398058252427184,0.0024271844660194173,0.07524271844660194,0.05339805825242718,3.0
112762,0.0,2.0,1.0,0.0,0.0,0.0,0.0,0.0,0.0,0.0,0.0,0.0,0.0,0.0,0.0,0.0,0.0,0.0,1.0,1.0,0.0,1.0,0.0,0.0,0.0,0.0,0.0,0.0,0.0,0.0,0.0,9.666666666666666,2.081665999466133,12.0,8.0,0.0,2.0,1.0,0.0,15.289473684210526,0.3125,0.1875,0.125,0.5,0.08333333333333333,0.08333333333333333,0.10416666666666667,0.020833333333333332,0.0,0.020833333333333332,0.6666666666666666,6.0
81126,7.0,2.0,0.0,1.0,1.0,1.0,3.0,0.0,0.0,0.0,0.0,0.0,0.0,0.0,0.0,0.0,1.0,5.0,1.0,2.0,0.0,1.0,1.0,1.0,0.0,0.0,1.0,0.0,1.0,1.0,0.0,12.933333333333334,7.5636977603235716,27.0,4.0,3.0,4.0,5.0,3.0,15.563725490196079,0.48068669527896996,0.0,0.030042918454935622,0.19742489270386265,0.12875536480686695,0.13733905579399142,0.15450643776824036,0.10300429184549356,0.008583690987124463,0.05150214592274678,0.13733905579399142,6.0
128532,1.0,2.0,6.0,1.0,1.0,2.0,0.0,0.0,0.0,0.0,0.0,0.0,0.0,0.0,0.0,0.0,1.0,0.0,0.0,1.0,1.0,2.0,2.0,3.0,3.0,0.0,0.0,0.0,0.0,0.0,0.0,8.076923076923077,4.367713712793351,17.0,4.0,5.0,5.0,3.0,0.0,17.2972972972973,0.5811965811965812,0.49572649572649574,0.29914529914529914,0.17094017094017094,0.28205128205128205,0.09401709401709402,0.19658119658119658,0.05982905982905983,0.0,0.008547008547008548,0.3247863247863248,6.0
170342,2.0,0.0,1.0,0.0,1.0,1.0,0.0,0.0,0.0,0.0,0.0,0.0,0.0,0.0,0.0,0.0,0.0,0.0,0.0,0.0,2.0,2.0,0.0,0.0,0.0,0.0,0.0,0.0,0.0,1.0,0.0,16.8,10.134100848126586,28.0,2.0,1.0,0.0,2.0,2.0,23.78723404255319,0.13,0.24,0.22,0.24,0.17,0.11,0.07,0.03,0.03,0.05,0.29,1.0
55577,16.0,11.0,6.0,0.0,1.0,0.0,3.0,0.0,0.0,0.0,0.0,0.0,0.0,0.0,2.0,1.0,3.0,2.0,1.0,4.0,3.0,1.0,0.0,1.0,2.0,3.0,2.0,2.0,6.0,2.0,2.0,6.5675675675675675,3.586553131261736,16.0,2.0,15.0,18.0,4.0,0.0,9.817813765182187,0.54296875,0.0703125,0.0234375,0.4609375,0.04296875,0.1484375,0.07421875,0.0859375,0.00390625,0.125,0.19921875,6.0
76761,2.0,1.0,2.0,0.0,1.0,1.0,0.0,0.0,0.0,0.0,0.0,0.0,0.0,0.0,0.0,0.0,0.0,0.0,1.0,1.0,1.0,0.0,0.0,1.0,0.0,0.0,1.0,0.0,1.0,1.0,0.0,4.428571428571429,3.9096949095440023,13.0,1.0,6.0,0.0,1.0,0.0,13.378378378378379,0.2391304347826087,0.34782608695652173,0.17391304347826086,0.1956521739130435,0.15217391304347827,0.06521739130434782,0.06521739130434782,0.021739130434782608,0.0,0.021739130434782608,0.30434782608695654,1.0
6653,1.0,0.0,0.0,1.0,0.0,1.0,0.0,0.0,0.0,0.0,0.0,0.0,0.0,0.0,0.0,0.0,0.0,0.0,0.0,1.0,0.0,0.0,0.0,1.0,0.0,0.0,1.0,0.0,0.0,0.0,0.0,4.0,0.0,4.0,4.0,3.0,0.0,0.0,0.0,26.0,0.4,0.3,0.05,0.2,0.0,0.05,0.3,0.3,0.15,0.05,0.1,1.0
144605,1.0,2.0,0.0,0.0,0.0,0.0,0.0,0.0,0.0,0.0,0.0,0.0,0.0,0.0,0.0,0.0,0.0,0.0,1.0,1.0,0.0,0.0,0.0,1.0,0.0,0.0,0.0,0.0,0.0,0.0,0.0,4.666666666666667,1.1547005383792515,6.0,4.0,2.0,1.0,0.0,0.0,26.952380952380953,0.32,0.2,0.12,0.0,0.24,0.16,0.44,0.0,0.0,0.0,0.04,1.0
78194,7.0,7.0,6.0,7.0,5.0,3.0,7.0,0.0,0.0,0.0,0.0,0.0,0.0,0.0,0.0,0.0,3.0,3.0,4.0,3.0,3.0,7.0,1.0,7.0,1.0,5.0,3.0,1.0,0.0,0.0,1.0,6.595238095238095,3.8827920794412742,21.0,1.0,21.0,15.0,5.0,1.0,5.28421052631579,0.7397260273972602,0.3664383561643836,0.2568493150684932,0.25,0.11301369863013698,0.0410958904109589,0.1506849315068493,0.00684931506849315,0.0,0.017123287671232876,0.4794520547945205,1.0
79970,0.0,0.0,0.0,0.0,0.0,3.0,0.0,0.0,0.0,0.0,0.0,0.0,0.0,0.0,0.0,0.0,0.0,1.0,0.0,0.0,0.0,0.0,0.0,0.0,0.0,1.0,0.0,0.0,1.0,0.0,0.0,24.333333333333332,9.073771725877467,34.0,16.0,0.0,0.0,1.0,2.0,24.435643564356436,0.3211009174311927,0.22018348623853212,0.07339449541284404,0.1926605504587156,0.07339449541284404,0.10091743119266056,0.1743119266055046,0.08256880733944955,0.0,0.1743119266055046,0.2018348623853211,5.0
193755,0.0,2.0,2.0,1.0,0.0,1.0,0.0,1.0,1.0,0.0,0.0,0.0,1.0,0.0,0.0,0.0,1.0,1.0,0.0,1.0,0.0,0.0,0.0,0.0,0.0,0.0,0.0,0.0,0.0,0.0,0.0,6.333333333333333,8.430104783848577,23.0,1.0,4.0,1.0,0.0,1.0,11.142857142857142,0.24444444444444444,0.17777777777777778,0.06666666666666667,0.3111111111111111,0.08888888888888889,0.13333333333333333,0.13333333333333333,0.06666666666666667,0.022222222222222223,0.08888888888888889,0.2,6.0
187152,0.0,7.0,33.0,9.0,7.0,2.0,0.0,0.0,0.0,0.0,0.0,0.0,0.0,0.0,0.0,2.0,2.0,9.0,11.0,15.0,5.0,4.0,4.0,3.0,2.0,0.0,1.0,0.0,0.0,0.0,0.0,7.327586206896552,3.9708938011683577,15.0,1.0,24.0,18.0,16.0,0.0,6.185354691075515,0.9,0.12954545454545455,0.11363636363636363,0.21363636363636362,0.025,0.08409090909090909,0.26590909090909093,0.17272727272727273,0.0,0.425,0.18863636363636363,4.0
37734,5.0,6.0,5.0,2.0,3.0,2.0,2.0,0.0,0.0,0.0,0.0,0.0,0.0,0.0,1.0,0.0,1.0,1.0,2.0,5.0,5.0,2.0,1.0,3.0,1.0,0.0,1.0,1.0,1.0,0.0,0.0,8.08,3.978274332756184,19.0,3.0,5.0,17.0,3.0,0.0,11.305164319248826,0.5181818181818182,0.2772727272727273,0.16363636363636364,0.13636363636363635,0.06818181818181818,0.11818181818181818,0.08636363636363636,0.07272727272727272,0.022727272727272728,0.1,0.33636363636363636,6.0
182564,0.0,2.0,2.0,0.0,1.0,2.0,0.0,0.0,0.0,0.0,0.0,0.0,0.0,0.0,0.0,0.0,3.0,0.0,1.0,0.0,1.0,0.0,2.0,0.0,0.0,0.0,0.0,0.0,0.0,0.0,0.0,4.714285714285714,1.9760470401187076,8.0,3.0,4.0,3.0,0.0,0.0,27.486486486486488,0.4523809523809524,0.21428571428571427,0.14285714285714285,0.21428571428571427,0.23809523809523808,0.19047619047619047,0.21428571428571427,0.023809523809523808,0.0,0.023809523809523808,0.40476190476190477,1.0
176590,0.0,2.0,0.0,0.0,0.0,0.0,0.0,0.0,0.0,0.0,0.0,0.0,0.0,0.0,0.0,0.0,1.0,0.0,0.0,1.0,0.0,0.0,0.0,0.0,0.0,0.0,0.0,0.0,0.0,0.0,0.0,11.0,1.4142135623730951,12.0,10.0,0.0,1.0,1.0,0.0,30.0,0.18421052631578946,0.5789473684210527,0.2894736842105263,0.23684210526315788,0.0,0.18421052631578946,0.05263157894736842,0.0,0.0,0.02631578947368421,0.5789473684210527,1.0
108612,2.0,3.0,0.0,6.0,2.0,1.0,3.0,0.0,0.0,0.0,0.0,0.0,0.0,0.0,0.0,0.0,1.0,1.0,1.0,2.0,3.0,3.0,1.0,0.0,1.0,1.0,0.0,1.0,0.0,0.0,2.0,7.176470588235294,3.8281081182100754,17.0,2.0,6.0,9.0,2.0,0.0,19.325581395348838,0.4460431654676259,0.2733812949640288,0.05755395683453238,0.28776978417266186,0.02877697841726619,0.07194244604316546,0.05755395683453238,0.0,0.0,0.1510791366906475,0.381294964028777,1.0
181535,4.0,0.0,0.0,0.0,0.0,0.0,10.0,1.0,1.0,1.0,0.0,0.0,0.0,0.0,1.0,0.0,1.0,1.0,3.0,1.0,1.0,1.0,0.0,1.0,0.0,0.0,0.0,0.0,0.0,0.0,1.0,13.571428571428571,4.5861712825588,20.0,3.0,1.0,2.0,11.0,0.0,7.314009661835748,0.5799086757990868,0.3561643835616438,0.1324200913242009,0.0502283105022831,0.2146118721461187,0.091324200913242,0.0821917808219178,0.0182648401826484,0.0,0.0593607305936073,0.4520547945205479,1.0
147796,1.0,1.0,0.0,1.0,1.0,0.0,1.0,0.0,0.0,0.0,0.0,0.0,0.0,0.0,0.0,0.0,0.0,0.0,0.0,2.0,0.0,1.0,1.0,0.0,1.0,0.0,0.0,0.0,0.0,0.0,0.0,9.6,8.018728078691781,20.0,1.0,2.0,0.0,3.0,0.0,18.0,0.42592592592592593,0.25925925925925924,0.12962962962962962,0.3888888888888889,0.16666666666666666,0.0,0.0,0.05555555555555555,0.0,0.12962962962962962,0.2777777777777778,1.0
120229,0.0,0.0,0.0,0.0,0.0,1.0,2.0,0.0,0.0,0.0,0.0,0.0,0.0,0.0,0.0,1.0,1.0,1.0,0.0,0.0,0.0,0.0,0.0,0.0,0.0,0.0,0.0,0.0,0.0,0.0,0.0,12.333333333333334,2.0816659994661326,14.0,10.0,0.0,1.0,2.0,0.0,27.023255813953487,0.423728813559322,0.423728813559322,0.23728813559322035,0.2542372881355932,0.2542372881355932,0.15254237288135594,0.2033898305084746,0.06779661016949153,0.0,0.01694915254237288,0.2711864406779661,6.0
111098,0.0,3.0,0.0,0.0,2.0,0.0,1.0,0.0,0.0,0.0,0.0,0.0,0.0,0.0,0.0,1.0,0.0,0.0,1.0,1.0,0.0,1.0,0.0,0.0,2.0,0.0,0.0,0.0,0.0,0.0,0.0,10.166666666666666,1.9407902170679516,13.0,8.0,0.0,4.0,2.0,0.0,23.05263157894737,0.35802469135802467,0.4444444444444444,0.20987654320987653,0.24691358024691357,0.09876543209876543,0.09876543209876543,0.012345679012345678,0.024691358024691357,0.024691358024691357,0.0,0.49382716049382713,6.0
14533,1.0,0.0,1.0,1.0,0.0,1.0,3.0,0.0,0.0,0.0,0.0,0.0,0.0,0.0,0.0,0.0,0.0,0.0,0.0,1.0,1.0,0.0,3.0,1.0,1.0,0.0,0.0,0.0,0.0,0.0,0.0,21.428571428571427,5.94017796751194,32.0,14.0,0.0,0.0,3.0,4.0,7.157894736842105,0.5577889447236181,0.5678391959798995,0.05527638190954774,0.22613065326633167,0.02512562814070352,0.05527638190954774,0.06532663316582915,0.0,0.010050251256281407,0.010050251256281407,0.7386934673366834,6.0
205864,1.0,0.0,0.0,1.0,1.0,1.0,3.0,0.0,0.0,0.0,0.0,0.0,0.0,0.0,0.0,0.0,0.0,0.0,0.0,0.0,1.0,0.0,0.0,1.0,1.0,3.0,1.0,0.0,0.0,0.0,0.0,7.714285714285714,3.4503277967117714,12.0,3.0,2.0,3.0,2.0,0.0,8.327868852459016,0.3088235294117647,0.5441176470588235,0.14705882352941177,0.19117647058823528,0.04411764705882353,0.17647058823529413,0.04411764705882353,0.058823529411764705,0.0,0.11764705882352941,0.25,5.0
33271,4.0,4.0,3.0,2.0,4.0,7.0,1.0,0.0,0.0,0.0,0.0,0.0,0.0,0.0,0.0,1.0,1.0,1.0,1.0,3.0,1.0,4.0,4.0,2.0,3.0,2.0,1.0,1.0,0.0,0.0,0.0,7.96,4.843208303043208,16.0,1.0,11.0,6.0,8.0,0.0,14.916256157635468,0.5283018867924528,0.32075471698113206,0.18867924528301888,0.24528301886792453,0.1179245283018868,0.11320754716981132,0.12264150943396226,0.12264150943396226,0.05188679245283019,0.05188679245283019,0.23113207547169812,2.0
144324,1.0,1.0,0.0,0.0,0.0,0.0,0.0,0.0,0.0,0.0,0.0,0.0,0.0,0.0,0.0,0.0,0.0,0.0,0.0,0.0,0.0,0.0,0.0,0.0,2.0,0.0,0.0,0.0,0.0,0.0,0.0,15.5,0.7071067811865476,16.0,15.0,0.0,0.0,2.0,0.0,24.0,0.43636363636363634,0.36363636363636365,0.2,0.18181818181818182,0.14545454545454545,0.0,0.01818181818181818,0.03636363636363636,0.0,0.07272727272727272,0.4909090909090909,5.0
166485,3.0,1.0,1.0,0.0,0.0,2.0,2.0,0.0,0.0,0.0,0.0,0.0,0.0,0.0,1.0,0.0,1.0,3.0,0.0,0.0,0.0,1.0,2.0,1.0,0.0,0.0,0.0,0.0,0.0,0.0,0.0,4.444444444444445,2.068278940998476,8.0,1.0,7.0,2.0,0.0,0.0,17.0,0.5185185185185185,0.3148148148148148,0.18518518518518517,0.2037037037037037,0.2222222222222222,0.25925925925925924,0.1111111111111111,0.1111111111111111,0.0,0.0,0.018518518518518517,6.0
18126,1.0,1.0,1.0,1.0,0.0,0.0,2.0,0.0,0.0,0.0,0.0,0.0,0.0,0.0,0.0,0.0,2.0,1.0,0.0,0.0,2.0,0.0,0.0,0.0,0.0,1.0,0.0,0.0,0.0,0.0,0.0,12.166666666666666,1.9407902170679514,14.0,9.0,0.0,1.0,5.0,0.0,14.6375,0.47674418604651164,0.26744186046511625,0.05813953488372093,0.1744186046511628,0.08139534883720931,0.06976744186046512,0.09302325581395349,0.08139534883720931,0.0,0.023255813953488372,0.4418604651162791,1.0
68635,4.0,11.0,7.0,1.0,4.0,6.0,2.0,0.0,0.0,0.0,0.0,0.0,0.0,0.0,1.0,0.0,3.0,2.0,2.0,2.0,2.0,1.0,11.0,4.0,4.0,1.0,2.0,0.0,0.0,0.0,0.0,9.371428571428572,5.374699522576421,22.0,1.0,10.0,12.0,12.0,1.0,6.6765578635014835,0.5760233918128655,0.4064327485380117,0.24269005847953215,0.15497076023391812,0.19298245614035087,0.08771929824561403,0.0847953216374269,0.03216374269005848,0.005847953216374269,0.12573099415204678,0.32748538011695905,4.0
11036,5.0,2.0,2.0,1.0,10.0,24.0,3.0,0.0,0.0,0.0,0.0,0.0,0.0,0.0,4.0,2.0,0.0,2.0,0.0,3.0,3.0,4.0,4.0,3.0,5.0,0.0,3.0,6.0,7.0,1.0,0.0,8.617021276595745,5.371232517812559,22.0,1.0,14.0,18.0,14.0,1.0,8.23132530120482,0.5714285714285714,0.6359447004608295,0.10599078341013825,0.11059907834101383,0.16129032258064516,0.12211981566820276,0.027649769585253458,0.041474654377880185,0.004608294930875576,0.002304147465437788,0.5023041474654378,6.0
169137,0.0,3.0,1.0,0.0,0.0,0.0,0.0,0.0,0.0,0.0,0.0,0.0,0.0,0.0,0.0,1.0,0.0,0.0,1.0,0.0,0.0,0.0,0.0,2.0,0.0,0.0,0.0,0.0,0.0,0.0,0.0,6.5,2.380476142847617,8.0,3.0,1.0,3.0,0.0,0.0,9.8,0.375,0.14583333333333334,0.20833333333333334,0.0625,0.020833333333333332,0.20833333333333334,0.2708333333333333,0.0625,0.0,0.5,0.041666666666666664,4.0
115300,6.0,3.0,0.0,0.0,1.0,0.0,4.0,0.0,0.0,0.0,0.0,0.0,0.0,0.0,0.0,1.0,1.0,2.0,0.0,1.0,0.0,1.0,0.0,2.0,2.0,2.0,2.0,0.0,0.0,0.0,0.0,19.357142857142858,4.325366020210453,24.0,7.0,0.0,1.0,6.0,7.0,18.983498349834985,0.5206349206349207,0.3619047619047619,0.10158730158730159,0.2634920634920635,0.15555555555555556,0.1873015873015873,0.10793650793650794,0.006349206349206349,0.0,0.03492063492063492,0.30158730158730157,5.0
194154,4.0,4.0,5.0,3.0,4.0,2.0,2.0,1.0,1.0,0.0,0.0,0.0,0.0,0.0,2.0,0.0,0.0,0.0,1.0,0.0,1.0,0.0,1.0,1.0,1.0,1.0,0.0,2.0,3.0,6.0,3.0,12.833333333333334,5.768480070073968,25.0,5.0,2.0,7.0,12.0,3.0,13.825545171339565,0.632183908045977,0.02586206896551724,0.0603448275862069,0.07183908045977011,0.05172413793103448,0.13793103448275862,0.09195402298850575,0.005747126436781609,0.0,0.08045977011494253,0.11494252873563218,1.0
187561,1.0,1.0,1.0,1.0,1.0,0.0,0.0,0.0,0.0,0.0,0.0,0.0,0.0,0.0,0.0,2.0,0.0,0.0,0.0,0.0,1.0,0.0,0.0,2.0,0.0,0.0,0.0,0.0,0.0,0.0,0.0,9.2,3.5637059362410923,15.0,6.0,0.0,4.0,1.0,0.0,16.178571428571427,0.38461538461538464,0.3076923076923077,0.09230769230769231,0.18461538461538463,0.015384615384615385,0.24615384615384617,0.03076923076923077,0.0,0.0,0.0,0.5230769230769231,1.0
127915,6.0,10.0,6.0,6.0,5.0,3.0,4.0,0.0,0.0,0.0,0.0,0.0,0.0,1.0,0.0,4.0,2.0,3.0,1.0,1.0,6.0,4.0,3.0,2.0,1.0,3.0,3.0,3.0,3.0,0.0,0.0,6.575,4.313886343497634,16.0,1.0,20.0,12.0,8.0,0.0,8.144981412639405,0.555956678700361,0.4187725631768953,0.3212996389891697,0.20938628158844766,0.19133574007220217,0.09025270758122744,0.04693140794223827,0.01444043321299639,0.0036101083032490976,0.06498194945848375,0.34657039711191334,6.0
85708,2.0,2.0,1.0,1.0,1.0,0.0,1.0,0.0,0.0,0.0,0.0,0.0,1.0,1.0,2.0,0.0,0.0,0.0,0.0,1.0,0.0,0.0,0.0,0.0,2.0,0.0,0.0,1.0,0.0,0.0,0.0,6.625,2.263846284534354,10.0,3.0,3.0,5.0,0.0,0.0,19.524590163934427,0.5441176470588235,0.6617647058823529,0.23529411764705882,0.20588235294117646,0.10294117647058823,0.10294117647058823,0.0,0.029411764705882353,0.029411764705882353,0.04411764705882353,0.6176470588235294,1.0
119235,6.0,4.0,6.0,8.0,5.0,5.0,5.0,0.0,0.0,0.0,0.0,0.0,0.0,0.0,0.0,1.0,3.0,3.0,1.0,6.0,5.0,5.0,2.0,4.0,1.0,6.0,1.0,1.0,0.0,0.0,0.0,8.435897435897436,4.399730086188134,21.0,1.0,11.0,17.0,10.0,1.0,9.115384615384615,0.7621776504297995,0.3037249283667622,0.07736389684813753,0.0659025787965616,0.18624641833810887,0.15759312320916904,0.06876790830945559,0.014326647564469915,0.0028653295128939827,0.08595988538681948,0.2177650429799427,1.0
154579,12.0,3.0,3.0,3.0,0.0,2.0,5.0,0.0,1.0,1.0,0.0,0.0,0.0,0.0,0.0,1.0,0.0,4.0,1.0,1.0,3.0,1.0,3.0,2.0,4.0,2.0,2.0,0.0,1.0,1.0,0.0,15.5,10.344080432788601,48.0,1.0,1.0,9.0,11.0,7.0,13.722466960352422,0.7118279569892473,0.3741935483870968,0.11827956989247312,0.22365591397849463,0.34408602150537637,0.12258064516129032,0.08817204301075268,0.0,0.0,0.043010752688172046,0.31827956989247314,1.0
136303,0.0,1.0,0.0,1.0,0.0,0.0,1.0,0.0,0.0,0.0,0.0,0.0,0.0,0.0,0.0,0.0,0.0,0.0,1.0,0.0,1.0,0.0,0.0,0.0,0.0,0.0,0.0,0.0,0.0,1.0,0.0,3.3333333333333335,3.2145502536643185,7.0,1.0,2.0,1.0,0.0,0.0,21.352941176470587,0.4090909090909091,0.09090909090909091,0.045454545454545456,0.22727272727272727,0.0,0.045454545454545456,0.0,0.0,0.0,0.45454545454545453,0.45454545454545453,1.0
133128,0.0,0.0,2.0,0.0,1.0,2.0,1.0,0.0,0.0,0.0,0.0,0.0,0.0,0.0,0.0,0.0,0.0,0.0,0.0,0.0,0.0,2.0,1.0,0.0,1.0,1.0,1.0,0.0,0.0,0.0,0.0,6.5,2.6645825188948455,10.0,3.0,3.0,3.0,0.0,0.0,17.136363636363637,0.2,0.02,0.02,0.22,0.12,0.0,0.32,0.06,0.0,0.12,0.08,1.0
72410,7.0,8.0,8.0,8.0,4.0,3.0,4.0,0.0,0.0,0.0,0.0,0.0,0.0,0.0,0.0,0.0,1.0,3.0,0.0,2.0,2.0,5.0,4.0,9.0,11.0,3.0,2.0,0.0,0.0,0.0,0.0,11.785714285714286,5.101581363085487,25.0,4.0,1.0,18.0,21.0,2.0,8.828740157480315,0.698292220113852,0.5426944971537002,0.23908918406072105,0.17267552182163187,0.24667931688804554,0.09867172675521822,0.03795066413662239,0.017077798861480076,0.011385199240986717,0.0018975332068311196,0.5351043643263758,6.0
111053,1.0,2.0,0.0,0.0,2.0,0.0,1.0,0.0,0.0,0.0,0.0,0.0,0.0,0.0,0.0,0.0,2.0,0.0,0.0,1.0,1.0,1.0,1.0,0.0,0.0,0.0,0.0,0.0,0.0,0.0,0.0,16.166666666666668,5.455883674224246,20.0,6.0,0.0,1.0,5.0,0.0,17.137614678899084,0.35294117647058826,0.058823529411764705,0.058823529411764705,0.13445378151260504,0.17647058823529413,0.2184873949579832,0.13445378151260504,0.04201680672268908,0.0,0.058823529411764705,0.11764705882352941,5.0
132589,1.0,6.0,2.0,6.0,8.0,7.0,5.0,0.0,0.0,0.0,0.0,0.0,0.0,0.0,0.0,1.0,3.0,1.0,1.0,1.0,2.0,5.0,4.0,8.0,2.0,3.0,2.0,1.0,1.0,0.0,0.0,21.514285714285716,9.011011004750305,36.0,3.0,3.0,4.0,4.0,24.0,10.667519181585678,0.76875,0.52,0.175,0.23,0.20125,0.13875,0.05875,0.01125,0.00125,0.03875,0.3525,6.0
100400,2.0,2.0,2.0,6.0,3.0,3.0,3.0,2.0,0.0,0.0,0.0,1.0,0.0,0.0,0.0,0.0,0.0,1.0,0.0,4.0,2.0,2.0,3.0,0.0,2.0,2.0,0.0,1.0,0.0,1.0,0.0,7.666666666666667,5.461989869391313,28.0,2.0,8.0,9.0,3.0,1.0,7.976047904191617,0.5491329479768786,0.04046242774566474,0.1329479768786127,0.09826589595375723,0.017341040462427744,0.1329479768786127,0.1676300578034682,0.028901734104046242,0.028901734104046242,0.09826589595375723,0.16184971098265896,1.0
78042,2.0,0.0,1.0,0.0,0.0,0.0,1.0,0.0,0.0,0.0,0.0,0.0,0.0,0.0,0.0,1.0,1.0,0.0,0.0,0.0,0.0,0.0,0.0,0.0,0.0,1.0,0.0,1.0,0.0,0.0,0.0,4.0,2.160246899469287,7.0,2.0,3.0,1.0,0.0,0.0,17.80952380952381,0.4166666666666667,0.2916666666666667,0.16666666666666666,0.0,0.16666666666666666,0.20833333333333334,0.041666666666666664,0.0,0.0,0.0,0.08333333333333333,6.0
36457,1.0,0.0,0.0,0.0,1.0,0.0,0.0,0.0,0.0,0.0,0.0,0.0,0.0,0.0,0.0,0.0,0.0,0.0,0.0,2.0,0.0,0.0,0.0,0.0,0.0,0.0,0.0,0.0,0.0,0.0,0.0,9.0,0.0,9.0,9.0,0.0,2.0,0.0,0.0,7.7368421052631575,0.20689655172413793,0.06896551724137931,0.13793103448275862,0.27586206896551724,0.06896551724137931,0.034482758620689655,0.034482758620689655,0.0,0.0,0.2413793103448276,0.3793103448275862,1.0
122955,0.0,0.0,0.0,0.0,1.0,1.0,0.0,0.0,0.0,0.0,0.0,0.0,0.0,0.0,0.0,1.0,0.0,0.0,0.0,0.0,1.0,0.0,0.0,0.0,0.0,0.0,0.0,0.0,0.0,0.0,0.0,2.0,1.4142135623730951,3.0,1.0,2.0,0.0,0.0,0.0,29.11111111111111,0.25,0.3333333333333333,0.3333333333333333,0.4166666666666667,0.0,0.08333333333333333,0.16666666666666666,0.0,0.0,0.0,0.6666666666666666,1.0
63927,0.0,0.0,0.0,0.0,0.0,2.0,0.0,0.0,0.0,0.0,0.0,0.0,0.0,0.0,0.0,0.0,0.0,0.0,1.0,0.0,0.0,1.0,0.0,0.0,0.0,0.0,0.0,0.0,0.0,0.0,0.0,10.5,0.7071067811865476,11.0,10.0,0.0,1.0,1.0,0.0,23.96551724137931,0.375,0.0,0.1,0.425,0.075,0.225,0.15,0.175,0.0,0.0,0.0,6.0
139913,4.0,1.0,1.0,2.0,0.0,2.0,3.0,1.0,3.0,4.0,1.0,2.0,0.0,0.0,0.0,0.0,0.0,0.0,0.0,0.0,0.0,1.0,0.0,0.0,0.0,0.0,0.0,0.0,0.0,1.0,0.0,3.230769230769231,2.1273554065179203,7.0,1.0,11.0,2.0,0.0,0.0,8.108695652173912,0.38461538461538464,0.4230769230769231,0.09615384615384616,0.4807692307692308,0.0,0.038461538461538464,0.0,0.11538461538461539,0.0,0.21153846153846154,0.36538461538461536,1.0
131491,0.0,0.0,1.0,1.0,1.0,2.0,0.0,0.0,0.0,0.0,0.0,0.0,0.0,1.0,0.0,0.0,0.0,0.0,1.0,0.0,1.0,0.0,1.0,0.0,0.0,0.0,1.0,0.0,0.0,0.0,0.0,11.6,3.9115214431215892,16.0,7.0,0.0,2.0,3.0,0.0,29.68,0.32098765432098764,0.5925925925925926,0.1111111111111111,0.2345679012345679,0.13580246913580246,0.07407407407407407,0.012345679012345678,0.024691358024691357,0.0,0.0,0.5185185185185185,6.0
15527,8.0,3.0,1.0,4.0,2.0,0.0,18.0,1.0,0.0,0.0,0.0,0.0,0.0,0.0,0.0,0.0,2.0,1.0,4.0,7.0,6.0,4.0,3.0,2.0,1.0,1.0,4.0,0.0,0.0,0.0,0.0,11.166666666666666,6.491753010001007,33.0,2.0,8.0,11.0,14.0,3.0,7.476543209876543,0.6740196078431373,0.28921568627450983,0.22058823529411764,0.2867647058823529,0.12009803921568628,0.09068627450980392,0.051470588235294115,0.03676470588235294,0.007352941176470588,0.0,0.5588235294117647,2.0
81209,2.0,0.0,0.0,0.0,0.0,0.0,0.0,0.0,1.0,0.0,0.0,0.0,0.0,0.0,0.0,0.0,0.0,0.0,0.0,0.0,0.0,1.0,0.0,0.0,0.0,0.0,0.0,0.0,0.0,0.0,0.0,2.0,1.4142135623730951,3.0,1.0,2.0,0.0,0.0,0.0,30.0,0.043478260869565216,0.43478260869565216,0.043478260869565216,0.21739130434782608,0.043478260869565216,0.21739130434782608,0.13043478260869565,0.0,0.0,0.043478260869565216,0.30434782608695654,1.0
182197,2.0,3.0,1.0,0.0,1.0,0.0,0.0,0.0,0.0,0.0,0.0,0.0,0.0,0.0,0.0,0.0,2.0,0.0,0.0,0.0,0.0,1.0,0.0,0.0,1.0,0.0,0.0,2.0,1.0,0.0,0.0,3.4285714285714284,1.2724180205607034,6.0,2.0,6.0,1.0,0.0,0.0,18.666666666666668,0.6666666666666666,0.0,0.13333333333333333,0.5,0.0,0.1,0.13333333333333333,0.0,0.0,0.0,0.8666666666666667,1.0
